"ID","Description","GeneRatio","BgRatio","RichFactor","FoldEnrichment","zScore","pvalue","p.adjust","qvalue","geneID","Count"
"GO:0098687","chromosomal region","107/1868","380/14467",0.281578947368421,2.18072946016004,8.98105939909532,9.64805532456019e-16,6.94659983368334e-13,6.94659983368334e-13,"KMT5C/DNMT1/CHEK2/H4C11/H4C15/INCENP/CENPH/ZWILCH/ORC1/SKA3/KIF18A/PARP1/RAD51/RANGAP1/MCM4/DSCC1/SPC24/CDK1/MSH2/CENPA/PCNA/CCNB1/EZH2/CHEK1/SMARCB1/NSMCE2/CBX1/NDC80/HJURP/SKA1/PIF1/BUB1/CENPF/RAD21/KNL1/MCM6/CENPI/CENPK/SUV39H1/ESCO2/NHP2/H4C14/MCM2/SGO2/MTBP/PRKDC/NEK2/NLRP2/SPAG5/SPC25/SPDL1/PPP2R1A/TOP2A/NUF2/SMARCA4/CENPU/BUB1B/MCM7/SGO1/CENPE/BLM/FEN1/CENPL/SMC4/OIP5/CDC20/MAD2L1/RAD51AP1/CENPQ/MCM5/DYNC1I1/ALYREF/NCAPD2/MACROH2A2/NUP37/DNMT3A/POLD1/H4C12/KNSTRN/CENPM/KNTC1/BIRC5/AURKB/NCAPG/CDCA5/NDE1/XRCC6/CDT1/MIS18A/H2AX/ERCC6L/ZWINT/DCLRE1B/KIF2C/DSN1/TTK/XRCC1/CDCA8/AURKA/MCM3/PLK1/RECQL4/ITGB3BP/HELLS/SUV39H2/CENPW/NABP2",107
"GO:0000793","condensed chromosome","77/1868","257/14467",0.299610894941634,2.32038052308384,8.22362428734155,3.44470167463048e-13,1.24009260286697e-10,1.24009260286697e-10,"KMT5C/INCENP/CENPH/ZWILCH/SKA3/KIF18A/RAD51/RANGAP1/NCAPH/SPC24/CENPA/CCNB1/CHEK1/SMARCB1/NSMCE2/NDC80/HJURP/SKA1/CDCA2/TUBG1/BUB1/CENPF/RAD21/KNL1/CENPI/CENPK/SUV39H1/FANCD2/SGO2/MTBP/NEK2/SPAG5/SPC25/SPDL1/TOP2A/NUF2/SMARCA4/CENPU/BUB1B/SGO1/CENPE/RRS1/HSPA2/BLM/SMC4/HMGB2/CDC20/MAD2L1/CENPQ/DYNC1I1/NCAPD2/NCAPG2/NUP37/KNSTRN/CENPM/KNTC1/BIRC5/AURKB/NCAPG/P3H4/NDE1/CDT1/H2AX/ERCC6L/MKI67/ZWINT/KIF2C/DSN1/NCAPH2/TTK/TUBA1A/AURKA/PLK1/ITGB3BP/BRCA1/CENPW/RCC1",77
"GO:0000775","chromosome, centromeric region","72/1868","245/14467",0.293877551020408,2.27597780011362,7.75604735172744,5.65757760130252e-12,1.35781862431261e-09,1.35781862431261e-09,"KMT5C/DNMT1/INCENP/CENPH/ZWILCH/SKA3/KIF18A/RANGAP1/DSCC1/SPC24/CENPA/CCNB1/EZH2/SMARCB1/CBX1/NDC80/HJURP/SKA1/BUB1/CENPF/RAD21/KNL1/CENPI/CENPK/SUV39H1/ESCO2/SGO2/MTBP/NEK2/SPAG5/SPC25/SPDL1/PPP2R1A/TOP2A/NUF2/SMARCA4/CENPU/BUB1B/SGO1/CENPE/CENPL/SMC4/OIP5/CDC20/MAD2L1/CENPQ/DYNC1I1/NCAPD2/NUP37/DNMT3A/KNSTRN/CENPM/KNTC1/BIRC5/AURKB/NCAPG/CDCA5/NDE1/CDT1/MIS18A/ERCC6L/ZWINT/KIF2C/DSN1/TTK/CDCA8/AURKA/PLK1/ITGB3BP/HELLS/SUV39H2/CENPW",72
"GO:0000940","outer kinetochore","15/1868","20/14467",0.75,5.80848501070664,8.28569716894688,3.59991258195346e-10,6.47984264751623e-08,6.47984264751623e-08,"SKA3/SPC24/CCNB1/NDC80/SKA1/BUB1/CENPF/KNL1/SPC25/SPDL1/NUF2/BUB1B/ZWINT/DSN1/PLK1",15
"GO:0000228","nuclear chromosome","59/1868","203/14467",0.29064039408867,2.25090716342655,6.91109816608976,7.46136270639737e-10,1.07443622972122e-07,1.07443622972122e-07,"POLA1/VPS72/INCENP/ORC1/PARP1/RAD51/MCM4/NCAPH/RUVBL2/POLA2/BRMS1/PCNA/GINS3/CHEK1/SMARCB1/RAD51C/GINS1/TUBG1/MCM10/POLE2/RAD21/MCM6/HLTF/SUV39H1/MCM2/NEK2/GINS4/TOP2A/MCM7/MMS22L/RRS1/TONSL/EME1/HSPA2/BLM/SMC4/PRIM2/MCM5/E2F1/NCAPD2/FIGNL1/NCAPG2/MACROH2A2/POLD1/BIRC5/NCAPG/P3H4/GINS2/ORC6/ANP32E/WDHD1/H2AX/PRIM1/NCAPH2/MCM3/PLK1/BRCA1/TIMELESS/RCC1",59
"GO:0071162","CMG complex","10/1868","10/14467",1,7.74464668094218,8.21513570486279,1.26140682982368e-09,1.42079311867517e-07,1.42079311867517e-07,"MCM4/GINS3/GINS1/MCM6/MCM2/GINS4/MCM7/MCM5/GINS2/MCM3",10
"GO:0000779","condensed chromosome, centromeric region","54/1868","181/14467",0.298342541436464,2.31055757331977,6.83179297427187,1.38132664315642e-09,1.42079311867517e-07,1.42079311867517e-07,"KMT5C/INCENP/CENPH/ZWILCH/SKA3/KIF18A/RANGAP1/SPC24/CENPA/CCNB1/SMARCB1/NDC80/HJURP/SKA1/BUB1/CENPF/KNL1/CENPI/CENPK/SGO2/MTBP/NEK2/SPAG5/SPC25/SPDL1/NUF2/SMARCA4/CENPU/BUB1B/SGO1/CENPE/CDC20/MAD2L1/CENPQ/DYNC1I1/NCAPD2/NUP37/KNSTRN/CENPM/KNTC1/BIRC5/AURKB/NCAPG/NDE1/CDT1/ERCC6L/ZWINT/KIF2C/DSN1/TTK/AURKA/PLK1/ITGB3BP/CENPW",54
"GO:0031261","DNA replication preinitiation complex","11/1868","12/14467",0.916666666666667,7.09925945753034,8.13866760573301,1.71630201720631e-09,1.54467181548568e-07,1.54467181548568e-07,"MCM4/GINS3/GINS1/MCM6/CDC45/MCM2/GINS4/MCM7/MCM5/GINS2/MCM3",11
"GO:0005819","spindle","96/1868","411/14467",0.233576642335766,1.80896856781131,6.40643335528474,2.8741910312824e-09,2.29935282502592e-07,2.29935282502592e-07,"KIF14/ECT2/UHRF1/INCENP/SACK1D/POC1A/CTTN/ZWILCH/MAP1S/SKA3/TUBB3/KIF18A/RANGAP1/KIF4A/UNC119/KIF23/MAPRE1/WDR62/CDK1/TACC3/CEP250/CDC6/CCNB1/KIF15/DLGAP5/KIFC1/TUBB2A/CBX1/TUBB4B/FAM110A/SKA1/DIAPH3/KPNA7/ASPM/HAUS5/DDX11/TUBG1/CENPF/RAD21/KIF11/ESPL1/NUSAP1/HAUS1/NPM1/TPX2/PSRC1/SHCBP1/NEK2/SPAG5/SPDL1/FBF1/BUB1B/YEATS2/SGO1/CENPE/RACGAP1/HSPA2/ARHGEF2/TUBB4A/CAPG/CLTA/TUBB/MAD2L2/CDC7/SNCG/CDC20/CKAP2/MAD2L1/HMMR/DYNC1I1/TUBB2B/CKAP2L/KIF18B/PRC1/RAB11FIP4/KNSTRN/KNTC1/MAP7D1/BIRC5/AURKB/NDE1/LIMK2/TMEM201/SAC3D1/KIF2C/HASPIN/DSN1/TTK/CDCA8/AURKA/PLK1/DYNLT2B/HSPB1/KIF20A/MZT1/RPS3",96
"GO:0000776","kinetochore","51/1868","171/14467",0.298245614035088,2.30980690484241,6.63426307990509,3.98579950061489e-09,2.86977564044272e-07,2.86977564044272e-07,"INCENP/CENPH/ZWILCH/SKA3/KIF18A/RANGAP1/SPC24/CENPA/CCNB1/SMARCB1/NDC80/HJURP/SKA1/BUB1/CENPF/KNL1/CENPI/CENPK/SGO2/MTBP/NEK2/SPAG5/SPC25/SPDL1/NUF2/SMARCA4/CENPU/BUB1B/SGO1/CENPE/CDC20/MAD2L1/CENPQ/DYNC1I1/NUP37/KNSTRN/CENPM/KNTC1/BIRC5/AURKB/NDE1/CDT1/ERCC6L/ZWINT/KIF2C/DSN1/TTK/AURKA/PLK1/ITGB3BP/CENPW",51
"GO:0032993","protein-DNA complex","44/1868","139/14467",0.316546762589928,2.45154283425508,6.62123646582743,6.22684531346644e-09,4.07575329608712e-07,4.07575329608712e-07,"POLA1/H2AZ1/H4C11/H4C15/H1-2/H2AC19/PARP1/RAD51/MCM4/RUVBL2/LEF1/POLA2/CENPA/PCNA/GINS3/GINS1/H2AC20/MCM6/NPM1/CDC45/H2AC8/H4C14/MCM2/PRKDC/H2BC18/GINS4/H2BC12/MCM7/TONSL/H1-0/TEAD4/PRIM2/MCM5/MACROH2A2/POLD1/H4C12/GINS2/XRCC6/H2AC18/H2AX/PRIM1/NUPR1/MCM3/SOX12",44
"GO:0005657","replication fork","28/1868","76/14467",0.368421052631579,2.85329088245238,6.23734156267967,1.00042093085125e-07,6.00252558510751e-06,6.00252558510751e-06,"POLA1/DNMT1/XRCC2/UHRF1/RFC3/PARP1/POLA2/PCNA/BRIP1/CHEK1/RAD51C/MCM10/HLTF/TYMS/RADX/RFC4/RFC2/MMS22L/TONSL/EME1/BLM/PRIM2/POLD1/WDHD1/H2AX/PRIM1/MCM3/TIMELESS",28
"GO:0072686","mitotic spindle","45/1868","163/14467",0.276073619631902,2.1380926419779,5.62648668398453,3.89129259776366e-07,2.15517743876141e-05,2.15517743876141e-05,"ECT2/SACK1D/CTTN/MAP1S/SKA3/TUBB3/KIF18A/KIF23/MAPRE1/CDK1/DLGAP5/KIFC1/TUBB2A/TUBB4B/SKA1/ASPM/HAUS5/TUBG1/KIF11/ESPL1/NUSAP1/HAUS1/TPX2/SHCBP1/SPAG5/YEATS2/CENPE/RACGAP1/TUBB4A/CAPG/TUBB/CDC7/CKAP2/MAD2L1/TUBB2B/CKAP2L/KIF18B/PRC1/KNSTRN/AURKB/LIMK2/AURKA/PLK1/KIF20A/RPS3",45
"GO:0042555","MCM complex","9/1868","11/14467",0.818181818181818,6.33652910258906,6.81750999530555,4.21984527995095e-07,2.17020614397477e-05,2.17020614397477e-05,"MCM4/MCM8/MCM6/MCM2/MCM7/MMS22L/TONSL/MCM5/MCM3",9
"GO:0031012","extracellular matrix","86/1868","403/14467",0.213399503722084,1.65270375821595,5.11692246026666,1.26632938424086e-06,6.07838104435614e-05,6.07838104435614e-05,"VCAN/GPC5/COL7A1/PLOD3/POSTN/KAZALD1/EMILIN2/COL1A2/S100A8/LOXL2/S100A6/VWF/PDGFB/SERPINE2/EDIL3/CTHRC1/LAMC1/MDK/FBN3/CD248/SULF1/IHH/LAMA3/COL3A1/ANGPT2/MMP14/MFGE8/COL24A1/COL15A1/COCH/TIMP1/MMP9/COL21A1/COL5A2/ANXA2/ENTPD2/S100A9/LOX/SPARC/LGALS4/MUC5B/ADAMTS9/CSTB/ICAM1/CRELD2/SPON2/ADAMTS16/COL9A2/MMP17/APLP1/GPC3/COL8A1/ANXA2P2/COL6A3/CLIC3/CTSC/COL5A1/MMP11/ESM1/LGALS3/CBLN1/ADAMTS14/PODNL1/LOXL4/SERPINH1/GPC2/CSPG4/COL4A2/MFAP2/THBS4/CDH13/LAMA4/FBLN1/COLEC12/ZP3/S100A4/OLFML2B/CTSD/S100A10/LGALS1/COL1A1/FCGBP/COL4A1/BCAM/CCDC80/OLFML2A",86
"GO:0030312","external encapsulating structure","86/1868","404/14467",0.212871287128713,1.64861290732928,5.09133776267285,1.40976685433557e-06,6.34395084451008e-05,6.34395084451008e-05,"VCAN/GPC5/COL7A1/PLOD3/POSTN/KAZALD1/EMILIN2/COL1A2/S100A8/LOXL2/S100A6/VWF/PDGFB/SERPINE2/EDIL3/CTHRC1/LAMC1/MDK/FBN3/CD248/SULF1/IHH/LAMA3/COL3A1/ANGPT2/MMP14/MFGE8/COL24A1/COL15A1/COCH/TIMP1/MMP9/COL21A1/COL5A2/ANXA2/ENTPD2/S100A9/LOX/SPARC/LGALS4/MUC5B/ADAMTS9/CSTB/ICAM1/CRELD2/SPON2/ADAMTS16/COL9A2/MMP17/APLP1/GPC3/COL8A1/ANXA2P2/COL6A3/CLIC3/CTSC/COL5A1/MMP11/ESM1/LGALS3/CBLN1/ADAMTS14/PODNL1/LOXL4/SERPINH1/GPC2/CSPG4/COL4A2/MFAP2/THBS4/CDH13/LAMA4/FBLN1/COLEC12/ZP3/S100A4/OLFML2B/CTSD/S100A10/LGALS1/COL1A1/FCGBP/COL4A1/BCAM/CCDC80/OLFML2A",86
"GO:0032279","asymmetric synapse","66/1868","288/14467",0.229166666666667,1.77481486438258,5.1140623054688,1.74283297131099e-06,7.3814102314348e-05,7.3814102314348e-05,"RUSC1/BAALC/SEMA4F/NTM/SORT1/BRSK1/CAP2/SHISA8/DLG5/C1QL1/RPL7/FBXO45/ACTN2/CLSTN1/GPR158/DAGLA/PLXNC1/LZTS1/RTN2/NRCAM/STX1A/ADAM22/YWHAH/CSMD2/ELFN2/RPL38/RPS18/GRN/CTNND2/FABP5/DNAJC6/RPS19/ATP1A1/SYN3/NCS1/NETO2/PRR7/GRIK1/NEURL1/LRP4/SLC6A9/GRIN2D/DTNBP1/RPL30/PPP1R9A/DBN1/NEFH/HOMER1/RPLP0/GRID1/ARHGAP33/SCRIB/RPS27/MAPK8IP2/ASIC1/IGSF21/ANP32E/MPP2/ADORA1/CFL1/CDK5/HOMER3/AURKA/LRP8/RPS3/RPL8",66
"GO:0098984","neuron to neuron synapse","70/1868","317/14467",0.220820189274448,1.71017434594938,4.92278671049917,3.5080115158313e-06,0.000140320460633252,0.000140320460633252,"RUSC1/BAALC/SEMA4F/NTM/EPHB2/SORT1/BRSK1/CAP2/SHISA8/DLG5/C1QL1/RPL7/FBXO45/ACTN2/CLSTN1/GPR158/DAGLA/PLXNC1/LZTS1/RTN2/NRCAM/SYT12/STX1A/ADAM22/YWHAH/CSMD2/ELFN2/RPL38/RPS18/GRN/CTNND2/FABP5/DNAJC6/RPS19/ATP1A1/SYN3/NCS1/NETO2/PRR7/GRIK1/NEURL1/LRP4/SLC6A9/GRIN2D/DTNBP1/RPL30/PPP1R9A/DBN1/NEFH/HOMER1/RPLP0/GRID1/ARHGAP33/SCRIB/RPS27/MAPK8IP2/ASIC1/IGSF21/ANP32E/MPP2/ADORA1/CFL1/YWHAZ/CDK5/NECTIN1/HOMER3/AURKA/LRP8/RPS3/RPL8",70
"GO:0051233","spindle midzone","16/1868","38/14467",0.421052631578947,3.26090386565987,5.37341528500038,7.53272396906634e-06,0.000280832072772197,0.000280832072772197,"KIF14/INCENP/CTTN/KIF18A/UNC119/MAPRE1/CDC6/CENPE/RACGAP1/KIF18B/PRC1/BIRC5/AURKB/CDCA8/AURKA/PLK1",16
"GO:0005874","microtubule","87/1868","427/14467",0.203747072599532,1.57794908955965,4.66782532487886,7.8008909103388e-06,0.000280832072772197,0.000280832072772197,"RUSC1/KIF14/INCENP/BICD1/ZWILCH/MAP1S/KIF21B/SKA3/TUBB3/KIF18A/CCT6A/TUBA4A/KIF4A/KIF23/TTLL1/MAPRE1/TPGS2/CDK1/KIF15/FGF13/KIFC1/TUBB2A/TUBB4B/FAM110A/GAS2L3/SKA1/ASPM/CCT5/HAUS5/TUBG1/MAP1A/TUBA3D/KIF11/TUBA1B/NUSAP1/HAUS1/MARK4/TBCE/TPX2/MNS1/PSRC1/DNAH11/NEK2/SPAG5/MAP7D2/CENPE/RACGAP1/MID1IP1/KLC2/ARHGEF2/KLC3/TUBB4A/KIF7/TUBB/NDRG1/TUBA1C/CKAP2/TBCB/DYNC1I1/TUBB2B/CCT3/KIF18B/SNPH/PRC1/CLIP2/KNSTRN/MTCL2/KNTC1/STMN1/PYCARD/BIRC5/AURKB/RIBC2/TUBA4B/NDE1/MAPT/KIF26B/CDK5/KIF2C/TUBA1A/AURKA/PLK1/GTSE1/LZTS2/KIF20A/MAP2/FHDC1",87
"GO:0014069","postsynaptic density","60/1868","273/14467",0.21978021978022,1.70212014965762,4.50956849949663,1.98609842305901e-05,0.000680948030763088,0.000680948030763088,"RUSC1/BAALC/SEMA4F/NTM/BRSK1/CAP2/SHISA8/DLG5/RPL7/FBXO45/ACTN2/CLSTN1/GPR158/DAGLA/LZTS1/RTN2/NRCAM/STX1A/ADAM22/CSMD2/ELFN2/RPL38/RPS18/CTNND2/FABP5/DNAJC6/RPS19/ATP1A1/SYN3/NCS1/NETO2/PRR7/GRIK1/NEURL1/LRP4/SLC6A9/GRIN2D/DTNBP1/RPL30/PPP1R9A/DBN1/NEFH/HOMER1/RPLP0/GRID1/ARHGAP33/SCRIB/RPS27/MAPK8IP2/ASIC1/IGSF21/ANP32E/MPP2/CFL1/CDK5/HOMER3/AURKA/LRP8/RPS3/RPL8",60
"GO:0000786","nucleosome","17/1868","45/14467",0.377777777777778,2.92575541280038,4.98183416715899,2.20441065753161e-05,0.000721443487919434,0.000721443487919434,"H2AZ1/H4C11/H4C15/H1-2/H2AC19/RUVBL2/CENPA/H2AC20/H2AC8/H4C14/H2BC18/H2BC12/H1-0/MACROH2A2/H4C12/H2AC18/H2AX",17
"GO:0000922","spindle pole","43/1868","177/14467",0.242937853107345,1.88146783774302,4.54330212478833,2.45208804077848e-05,0.000767610169287176,0.000767610169287176,"SACK1D/POC1A/UNC119/MAPRE1/WDR62/TACC3/CEP250/CDC6/CCNB1/KIF15/DLGAP5/FAM110A/DIAPH3/ASPM/DDX11/TUBG1/CENPF/RAD21/KIF11/HAUS1/NPM1/TPX2/PSRC1/NEK2/SPAG5/SPDL1/FBF1/SGO1/CDC20/CKAP2/MAD2L1/DYNC1I1/CKAP2L/PRC1/KNSTRN/KNTC1/AURKB/NDE1/TMEM201/DSN1/AURKA/PLK1/DYNLT2B",43
"GO:0000794","condensed nuclear chromosome","20/1868","59/14467",0.338983050847458,2.62530395964142,4.81674192167442,2.75952389979889e-05,0.000827857169939668,0.000827857169939668,"INCENP/RAD51/NCAPH/CHEK1/TUBG1/RAD21/SUV39H1/NEK2/RRS1/HSPA2/BLM/SMC4/NCAPG2/NCAPG/P3H4/H2AX/NCAPH2/PLK1/BRCA1/RCC1",20
"GO:0005581","collagen trimer","14/1868","34/14467",0.411764705882353,3.1889721627409,4.92035026205022,3.78660820087723e-05,0.00109054316185264,0.00109054316185264,"COL7A1/COL1A2/COL3A1/COL15A1/COL21A1/COL5A2/LOX/COL9A2/COL8A1/COL6A3/COL5A1/COL4A2/COL1A1/COL4A1",14
"GO:0099572","postsynaptic specialization","61/1868","289/14467",0.211072664359862,1.63468320947223,4.19655648425434,6.01859664337308e-05,0.00166668830124178,0.00166668830124178,"RUSC1/BAALC/SEMA4F/NTM/BRSK1/CAP2/SHISA8/DLG5/RPL7/FBXO45/ACTN2/CLSTN1/GPR158/DAGLA/LZTS1/RTN2/NRCAM/STX1A/ADAM22/CSMD2/ELFN2/RPL38/RPS18/CTNND2/FABP5/DNAJC6/RPS19/ATP1A1/SYN3/NCS1/NETO2/PRR7/GRIK1/NEURL1/LRP4/SLC6A9/GRIN2D/DTNBP1/RPL30/PPP1R9A/DBN1/NEFH/HOMER1/RPLP0/GRID1/ARHGAP33/SCRIB/RPS27/MAPK8IP2/ASIC1/IGSF21/ANP32E/MPP2/CFL1/CDK5/HOMER3/AURKA/SIPA1L3/LRP8/RPS3/RPL8",61
"GO:0043596","nuclear replication fork","16/1868","44/14467",0.363636363636364,2.81623515670625,4.64585063320826,6.59326639597576e-05,0.0017582043722602,0.0017582043722602,"POLA1/PARP1/POLA2/PCNA/RAD51C/MCM10/HLTF/MMS22L/TONSL/EME1/PRIM2/POLD1/WDHD1/PRIM1/MCM3/TIMELESS",16
"GO:0022626","cytosolic ribosome","30/1868","113/14467",0.265486725663717,2.05610088874571,4.33963084357446,7.18320740163502e-05,0.00184711047470615,0.00184711047470615,"RPL36A/RPL39L/RPL7/RPL28/RPSA2/RPS21/RPL27/RPLP2/RPL17/RPL23A/RPL39/RPL38/RPS18/RPLP1/RPS5/RPS19/RPS10/RPL27A/RPL30/RPS16/RPS11/RPLP0/RPL23/RPS27/RPSA/RPS12/RPS7/RPS8/RPS3/RPL8",30
"GO:0098644","complex of collagen trimers","12/1868","28/14467",0.428571428571429,3.31913429183236,4.72967156166972,8.52670417201129e-05,0.00211697482891315,0.00211697482891315,"COL7A1/COL1A2/COL3A1/COL21A1/COL5A2/COL9A2/COL8A1/COL6A3/COL5A1/COL4A2/COL1A1/COL4A1",12
"GO:0000781","chromosome, telomeric region","37/1868","153/14467",0.241830065359477,1.87288841303831,4.17944453299,9.72894716754082e-05,0.0023349473202098,0.0023349473202098,"CHEK2/H4C11/H4C15/ORC1/PARP1/RAD51/MCM4/CDK1/MSH2/PCNA/EZH2/CHEK1/NSMCE2/CBX1/PIF1/MCM6/NHP2/H4C14/MCM2/PRKDC/NLRP2/MCM7/BLM/FEN1/RAD51AP1/MCM5/ALYREF/MACROH2A2/POLD1/H4C12/XRCC6/H2AX/DCLRE1B/XRCC1/MCM3/RECQL4/NABP2",37
"GO:0022627","cytosolic small ribosomal subunit","14/1868","38/14467",0.368421052631579,2.85329088245238,4.40465501721587,0.000159145614540276,0.00369628524093545,0.00369628524093545,"RPSA2/RPS21/RPS18/RPS5/RPS19/RPS10/RPS16/RPS11/RPS27/RPSA/RPS12/RPS7/RPS8/RPS3",14
"GO:0060205","cytoplasmic vesicle lumen","58/1868","284/14467",0.204225352112676,1.58165319540369,3.81183299741735,0.000228880358877691,0.00514980807474805,0.00514980807474805,"LYZ/IGF2/S100A8/C1orf35/VWF/ACTN2/PDGFB/QPCT/GM2A/MIF/S100P/OLA1/ARPC5/ALDOC/VEGFB/NEU1/VAT1/TUBB4B/IMPDH1/TIMP1/PSMD2/GRN/GTPBP2/ANXA2/FABP5/PDGFA/S100A9/SERPINI1/SPARC/ALDOA/ACLY/NPC2/PPIA/CSTB/NME2/PYGB/TUBB/ADA/S100A11/GLA/CTSC/PSMD14/HSPA6/PADI2/CYRIB/PKM/ILF2/PYCARD/FTL/PTGES2/XRCC6/CANT1/DSN1/LCN2/CTSA/HSP90AB1/CTSD/IMPDH2",58
"GO:0000792","heterochromatin","23/1868","83/14467",0.27710843373494,2.14610691158639,4.03198556766741,0.000244293203073737,0.00525534510048882,0.00525534510048882,"KMT5C/DNMT1/H2AZ1/UHRF1/INCENP/BEND3/H1-2/WDR76/HMGA1/CDKN2A/CENPA/EZH2/TRIM28/CBX1/CBX8/SUV39H1/ESCO2/EME1/DNMT3A/CBX2/SALL4/HELLS/SUV39H2",23
"GO:0031983","vesicle lumen","58/1868","285/14467",0.203508771929825,1.57610353506894,3.78223803769925,0.000251999884988577,0.00525534510048882,0.00525534510048882,"LYZ/IGF2/S100A8/C1orf35/VWF/ACTN2/PDGFB/QPCT/GM2A/MIF/S100P/OLA1/ARPC5/ALDOC/VEGFB/NEU1/VAT1/TUBB4B/IMPDH1/TIMP1/PSMD2/GRN/GTPBP2/ANXA2/FABP5/PDGFA/S100A9/SERPINI1/SPARC/ALDOA/ACLY/NPC2/PPIA/CSTB/NME2/PYGB/TUBB/ADA/S100A11/GLA/CTSC/PSMD14/HSPA6/PADI2/CYRIB/PKM/ILF2/PYCARD/FTL/PTGES2/XRCC6/CANT1/DSN1/LCN2/CTSA/HSP90AB1/CTSD/IMPDH2",58
"GO:0034774","secretory granule lumen","57/1868","279/14467",0.204301075268817,1.58223964449356,3.78127195100691,0.000255468164607095,0.00525534510048882,0.00525534510048882,"LYZ/IGF2/S100A8/C1orf35/VWF/ACTN2/PDGFB/QPCT/GM2A/MIF/S100P/OLA1/ARPC5/ALDOC/VEGFB/NEU1/VAT1/TUBB4B/IMPDH1/TIMP1/PSMD2/GRN/GTPBP2/ANXA2/FABP5/PDGFA/S100A9/SERPINI1/SPARC/ALDOA/ACLY/NPC2/PPIA/CSTB/NME2/PYGB/TUBB/S100A11/GLA/CTSC/PSMD14/HSPA6/PADI2/CYRIB/PKM/ILF2/PYCARD/FTL/PTGES2/XRCC6/CANT1/DSN1/LCN2/CTSA/HSP90AB1/CTSD/IMPDH2",57
"GO:0044297","cell body","80/1868","430/14467",0.186046511627907,1.44086449877994,3.57352507852158,0.000418044693878541,0.00836089387757082,0.00836089387757082,"SEMA4F/TRPV2/EPHB2/PTK7/MAP1S/RPL28/SEZ6L2/KNDC1/IGF2BP1/TUBB3/CNNM1/ENO2/STK39/EPO/RTN4RL2/PLXDC1/TMC7/THY1/PPT1/GNAZ/INHA/SLC6A6/NRSN2/TRPM2/NAXE/CCT5/MAP1A/CTNND2/TMPRSS3/PDE1C/SERPINI1/TPX2/FADD/SLC1A4/ACTG2/RNF157/UCHL1/HCN2/CYP17A1/PPP2R1A/NEURL1/LRP4/PLXND1/SLC1A3/DTNBP1/GABRD/TUBB4A/GLUL/TUBB/RAC3/BGLAP/GNAT1/SNCG/FLNA/KCNE3/WASHC5/CCT3/GNA12/MAPK8IP2/EIF4A3/RBM8A/PDE9A/SLC38A1/PYCARD/WNK4/TMEM266/YKT6/ADORA1/MAPT/CACYBP/CFL1/CDK5/KCNN4/CD200/AURKA/HSP90AB1/MAP2/RAP1GAP/P2RX4/PRKAA2",80
"GO:0005788","endoplasmic reticulum lumen","59/1868","297/14467",0.198653198653199,1.53849883560804,3.610544453536,0.000431967395836844,0.00840585202709534,0.00840585202709534,"VCAN/WFS1/COL7A1/GPX8/PLOD3/NOTUM/COL1A2/P4HA2/PDGFB/CKAP4/SELENOM/CERCAM/ASPH/LAMC1/POGLUT2/COL3A1/MFGE8/PPIB/COL24A1/COL15A1/TIMP1/COL21A1/COL5A2/PDGFA/PDIA6/SPP1/DNAJB11/NEK2/AFP/TSPAN5/COL9A2/ARSI/GPC3/COL8A1/BMP4/MELTF/BGLAP/COL6A3/CTSC/COL5A1/TSPAN15/FKBP10/MANF/FOXRED2/SERPINH1/APOA4/TMEM132A/SDF2L1/GPX7/RCN2/CLN6/COL4A2/FMO1/STC2/PTGS1/LGALS1/COL1A1/COL4A1/PRKAA2",59
"GO:0030055","cell-substrate junction","75/1868","399/14467",0.18796992481203,1.45576065431244,3.55468994989373,0.000457509084803995,0.00866859318575991,0.00866859318575991,"MCAM/ARHGAP22/FHL3/PTK7/CTTN/RPL7/ARPC1B/SRC/ACTN2/ITGA2/PABPC1/HMGA1/HSPA1B/FERMT1/KIF23/RPL27/ARPC5/MAPRE1/RPLP2/THY1/FZD2/NCSTN/NOX4/MARCKS/LAMA3/MMP14/PPIB/RPL38/FBLIM1/RPS18/SHC1/RPLP1/RPS5/ZYX/NPM1/RPS19/RPS10/EPPK1/ITGA6/PLAU/PPIA/TES/LIMK1/HSPA1A/ICAM1/MPZL1/ARHGEF2/RPL30/RPS16/ADAM9/FLOT1/FLNA/CIB2/PIK3R2/FAP/RPS11/RPLP0/RPL23/GNA12/FLNC/CSPG4/ENAH/CDH13/CFL1/YWHAZ/MAP4K4/BSG/RPS7/PDLIM7/ITGA11/PARVB/HSPB1/RPS8/RPS3/RPL8",75
"GO:0044391","ribosomal subunit","38/1868","171/14467",0.222222222222222,1.72103259576493,3.65208025076563,0.000494682107894547,0.0091325927611301,0.0091325927611301,"RPL36A/RPL39L/MRPL9/RPL7/RPL28/RPSA2/RPS21/RPL27/DAP3/RPLP2/RPL17/RPL23A/RPL39/RPL38/RPS18/RPLP1/RPS5/NPM1/RPS19/RPS10/MRPS12/RPL27A/RPL30/MRPS21/MRPL13/RPS16/RPS11/RPLP0/MRPL21/RPL23/RPS27/RPSA/RPS12/MRPL24/RPS7/RPS8/RPS3/RPL8",38
"GO:0005876","spindle microtubule","22/1868","82/14467",0.268292682926829,2.07783203635034,3.76875329690793,0.000539903476066906,0.00971826256920431,0.00971826256920431,"ZWILCH/MAP1S/SKA3/KIF18A/KIF4A/MAPRE1/CDK1/FAM110A/SKA1/HAUS5/TUBG1/KIF11/HAUS1/PSRC1/CENPE/KIF18B/PRC1/KNTC1/BIRC5/AURKB/AURKA/PLK1",22
"GO:0045171","intercellular bridge","13/1868","38/14467",0.342105263157895,2.64948439084864,3.92027488332361,0.000624852524158778,0.0109730199364468,0.0109730199364468,"TUBB3/KIF18A/UNC119/TUBB2A/TUBB4B/CEP55/TPX2/CD34/TUBB4A/TUBB/CDC7/TUBB2B/BIRC5",13
"GO:0045111","intermediate filament cytoskeleton","20/1868","73/14467",0.273972602739726,2.12182100847731,3.69989055939954,0.00071053273253744,0.0121805611292133,0.0121805611292133,"S100A8/SESTD1/RAD51/LMNB2/RTN2/BFSP1/LMNA/EVPL/S100A9/KRT23/MNS1/EPPK1/SLC1A4/FBF1/NARF/NEFH/KRT10/SACK1H/LMNB1/NES",20
"GO:0022625","cytosolic large ribosomal subunit","16/1868","53/14467",0.30188679245283,2.33800654519009,3.75749613202401,0.000754393172722141,0.0126316996362777,0.0126316996362777,"RPL36A/RPL39L/RPL7/RPL28/RPL27/RPLP2/RPL17/RPL23A/RPL39/RPL38/RPLP1/RPL27A/RPL30/RPLP0/RPL23/RPL8",16
"GO:0005871","kinesin complex","14/1868","44/14467",0.318181818181818,2.46420576211797,3.74537473408415,0.00089333128633649,0.0146181483218698,0.0146181483218698,"KIF14/KIF21B/KIF18A/KIF23/KIF15/KIFC1/KIF11/KLC2/KLC3/KIF7/KIF18B/NDE1/KIF2C/KIF20A",14
"GO:0005925","focal adhesion","72/1868","389/14467",0.185089974293059,1.43345645508441,3.3369094626133,0.000918370747922719,0.0146939319667635,0.0146939319667635,"MCAM/ARHGAP22/FHL3/PTK7/CTTN/RPL7/ARPC1B/SRC/ACTN2/ITGA2/PABPC1/HMGA1/HSPA1B/FERMT1/KIF23/RPL27/ARPC5/MAPRE1/RPLP2/THY1/FZD2/NCSTN/NOX4/MARCKS/MMP14/PPIB/RPL38/FBLIM1/RPS18/SHC1/RPLP1/RPS5/ZYX/NPM1/RPS19/RPS10/ITGA6/PLAU/PPIA/TES/LIMK1/HSPA1A/ICAM1/MPZL1/ARHGEF2/RPL30/RPS16/ADAM9/FLOT1/FLNA/PIK3R2/FAP/RPS11/RPLP0/RPL23/GNA12/FLNC/CSPG4/ENAH/CDH13/CFL1/YWHAZ/MAP4K4/BSG/RPS7/PDLIM7/ITGA11/PARVB/HSPB1/RPS8/RPS3/RPL8",72
"GO:0035578","azurophil granule lumen","20/1868","75/14467",0.266666666666667,2.06523911491792,3.56132648890973,0.0010297453613838,0.0161177534825291,0.0161177534825291,"LYZ/GM2A/VAT1/TUBB4B/IMPDH1/GRN/ANXA2/FABP5/ACLY/NPC2/PYGB/TUBB/GLA/CTSC/PADI2/PYCARD/FTL/PTGES2/DSN1/CTSA",20
"GO:0140151","solid phase of interstitial matrix","16/1868","56/14467",0.285714285714286,2.21275619455491,3.50118520327447,0.00145207635257854,0.0221528262103114,0.0221528262103114,"VCAN/EMILIN2/COL1A2/FBN3/COL3A1/COL21A1/COL5A2/LOX/COL9A2/COL8A1/COL6A3/COL5A1/MFAP2/THBS4/FBLN1/COL1A1",16
"GO:0005652","nuclear lamina","7/1868","15/14467",0.466666666666667,3.61416845110635,3.90040631163317,0.00147685508068743,0.0221528262103114,0.0221528262103114,"LMNB2/PCNA/LMNA/SUV39H1/NARF/FAM111B/LMNB1",7
"GO:0042575","DNA polymerase complex","8/1868","19/14467",0.421052631578947,3.26090386565987,3.79707922574645,0.00153368018027926,0.0225357087714504,0.0225357087714504,"POLA1/POLA2/POLE2/MAD2L2/PRIM2/POLD1/PRIM1/MCM3",8
"GO:0030684","preribosome","25/1868","105/14467",0.238095238095238,1.84396349546242,3.34199256128703,0.00156629048997733,0.0225545830556735,0.0225545830556735,"DHX37/BOP1/FBL/UTP18/RRP9/RPS5/RRP7A/RPS19/RRP36/PRKDC/AATF/RRP1/RRS1/UTP14A/RPS16/RPS11/BYSL/RPS27/RPS12/DCAF13/FBLL1/NOP56/RPS7/PES1/RPS8",25
"GO:0005875","microtubule associated complex","30/1868","134/14467",0.223880597014925,1.733876122599,3.28625481036224,0.00162706914029949,0.0227491922445516,0.0227491922445516,"KIF14/INCENP/MAP1S/KIF21B/KIF18A/KIF4A/KIF23/KIF15/KIFC1/HAUS5/MAP1A/KIF11/HAUS1/DNAH11/KLC2/KLC3/KIF7/DYNC1I1/KIF18B/CLIP2/BIRC5/AURKB/PEA15/NDE1/KIF2C/CDCA8/AURKA/DYNLT2B/KIF20A/MAP2",30
"GO:0015935","small ribosomal subunit","18/1868","67/14467",0.26865671641791,2.0806513471188,3.41378670613567,0.00164299721766206,0.0227491922445516,0.0227491922445516,"RPSA2/RPS21/DAP3/RPS18/RPS5/NPM1/RPS19/RPS10/MRPS12/MRPS21/RPS16/RPS11/RPS27/RPSA/RPS12/RPS7/RPS8/RPS3",18
"GO:0034707","chloride channel complex","10/1868","28/14467",0.357142857142857,2.76594524319364,3.60149087770145,0.0018105197614533,0.0245957401555919,0.0245957401555919,"SLC26A6/CLDN4/TTYH3/CLIC1/PACC1/GABRD/CLIC3/BEST1/CLCNKA/GABRE",10
"GO:0032040","small-subunit processome","19/1868","73/14467",0.26027397260274,2.01572995805345,3.34999046577157,0.00185426429875274,0.0247235239833699,0.0247235239833699,"DHX37/FBL/UTP18/RRP9/RPS5/RRP7A/RPS19/PRKDC/AATF/UTP14A/RPS16/RPS11/RPS27/RPS12/DCAF13/FBLL1/NOP56/RPS7/RPS8",19
"GO:0098839","postsynaptic density membrane","20/1868","79/14467",0.253164556962025,1.96067004580815,3.29672110827712,0.0020466474214946,0.0267924753359293,0.0267924753359293,"SEMA4F/NTM/ACTN2/CLSTN1/GPR158/DAGLA/NRCAM/STX1A/ADAM22/CSMD2/ELFN2/NETO2/PRR7/GRIK1/GRIN2D/GRID1/ASIC1/IGSF21/ANP32E/LRP8",20
"GO:0005882","intermediate filament","16/1868","58/14467",0.275862068965517,2.13645425681164,3.33920947610947,0.00216966426731622,0.0278956834369228,0.0278956834369229,"LMNB2/RTN2/BFSP1/LMNA/EVPL/KRT23/MNS1/EPPK1/SLC1A4/FBF1/NARF/NEFH/KRT10/SACK1H/LMNB1/NES",16
"GO:0140152","collagenous component of interstitial matrix","7/1868","16/14467",0.4375,3.38828292291221,3.68036966528288,0.00233485173560551,0.0294928640287012,0.0294928640287012,"COL1A2/COL3A1/COL21A1/COL5A2/COL9A2/COL5A1/COL1A1",7
"GO:0005614","interstitial matrix","19/1868","75/14467",0.253333333333333,1.96197715917202,3.2160992688946,0.00259519918381677,0.0322162657301392,0.0322162657301392,"VCAN/KAZALD1/EMILIN2/COL1A2/FBN3/COL3A1/COL21A1/COL5A2/LOX/COL9A2/COL8A1/COL6A3/COL5A1/PODNL1/MFAP2/THBS4/FBLN1/COL1A1/CCDC80",19
"GO:0005775","vacuolar lumen","32/1868","151/14467",0.211920529801325,1.64124962774934,3.04999679623195,0.00295088777743287,0.036010833894096,0.036010833894096,"VCAN/GPC5/LYZ/GM2A/PPT1/NEU1/VAT1/TUBB4B/IMPDH1/GRN/ANXA2/FABP5/GBA1/ACLY/NPC2/DAPK2/GPC3/PYGB/TUBB/GLA/CTSC/PADI2/GPC2/PYCARD/IFI30/CSPG4/FTL/PTGES2/DSN1/CTSA/CTSK/CTSD",32
"GO:0101031","protein folding chaperone complex","10/1868","30/14467",0.333333333333333,2.58154889364739,3.33886915576784,0.00325277400323798,0.0384264150386992,0.0384264150386992,"CCT6A/RUVBL2/CCT5/DNAJC9/DNAJB11/STIP1/CCT3/SDF2L1/HSPB8/HSP90AB1",10
"GO:0097229","sperm end piece","8/1868","21/14467",0.380952380952381,2.95034159273988,3.44382562344221,0.00325557127411202,0.0384264150386992,0.0384264150386992,"TUBB3/TUBB2A/CABYR/MNS1/TUBB4A/TUBB/TUBB2B/CCDC34",8
"GO:0030496","midbody","37/1868","183/14467",0.202185792349727,1.56585752565498,2.96621310042253,0.00344396502335109,0.0394518836268733,0.0394518836268733,"KIF14/ECT2/URB2/INCENP/KIF4A/KIF23/CDK1/CEP55/ASPM/DDX11/ANXA2/CENPF/MARK4/PSRC1/SHCBP1/NEK2/SPAG5/MAP7D2/CENPE/RACGAP1/CAPG/SLC2A1/RAP2A/PKN1/RAN/PRC1/RAB11FIP4/MTCL2/MAP7D1/BIRC5/AURKB/CDCA8/AURKA/PLK1/ANLN/LZTS2/KIF20A",37
"GO:0001741","XY body","6/1868","13/14467",0.461538461538462,3.57445231428101,3.57566753418052,0.00350683410016652,0.0394518836268733,0.0394518836268733,"PLK4/SMARCB1/ESCO2/DNMT3A/H2AX/BRCA1",6
"GO:0010369","chromocenter","6/1868","13/14467",0.461538461538462,3.57445231428101,3.57566753418052,0.00350683410016652,0.0394518836268733,0.0394518836268733,"INCENP/CBX1/ESCO2/OIP5/AURKB/CDCA8",6
"GO:0034399","nuclear periphery","10/1868","31/14467",0.32258064516129,2.49827312288458,3.21545937888067,0.00425483193620437,0.045723567075629,0.045723567075629,"LMNB2/PCNA/LMNA/SUV39H1/NARF/FAM111B/MAPT/LMNB1/MSX1/NUP93",10
"GO:0046540","U4/U6 x U5 tri-snRNP complex","10/1868","31/14467",0.32258064516129,2.49827312288458,3.21545937888067,0.00425483193620437,0.045723567075629,0.045723567075629,"SNRPE/LSM2/SNRPD2/TXNL4A/LSM4/EFTUD2/SNRPB/SNRPF/SNRPD1/PRPF6",10
"GO:0097526","spliceosomal tri-snRNP complex","10/1868","31/14467",0.32258064516129,2.49827312288458,3.21545937888067,0.00425483193620437,0.045723567075629,0.045723567075629,"SNRPE/LSM2/SNRPD2/TXNL4A/LSM4/EFTUD2/SNRPB/SNRPF/SNRPD1/PRPF6",10
"GO:0042470","melanosome","24/1868","107/14467",0.224299065420561,1.73711701254778,2.94676655452061,0.0044093914375259,0.0460110410872267,0.0460110410872267,"ATP1B3/TRPV2/NAP1L1/GPNMB/NCSTN/MMP14/PPIB/ANXA2/TPCN2/PDIA6/SLC1A4/ATP1A1/DTNBP1/CAPG/FLOT1/SLC2A1/ANXA2P2/RAN/SLC1A5/BACE2/YWHAZ/BSG/HSP90AB1/CTSD",24
"GO:0048770","pigment granule","24/1868","107/14467",0.224299065420561,1.73711701254778,2.94676655452061,0.0044093914375259,0.0460110410872267,0.0460110410872267,"ATP1B3/TRPV2/NAP1L1/GPNMB/NCSTN/MMP14/PPIB/ANXA2/TPCN2/PDIA6/SLC1A4/ATP1A1/DTNBP1/CAPG/FLOT1/SLC2A1/ANXA2P2/RAN/SLC1A5/BACE2/YWHAZ/BSG/HSP90AB1/CTSD",24
